detection_point,dca_mpc_mean_stopping_offset_cm
1,4.3332
2,3.3242
3,2.143
4,3.654
5,4.564
6,5.023
7,4.896
8,4.345
9,3.765
10,2.645
11,4.876
12,5.2214
13,5.034
14,4.765
15,4.876
16,4.453
17,4.04653
18,3.5645
19,2.24235
20,2.54
21,3.876
22,4.043
23,5.0546
24,5.1435
25,4.564
26,2.566
27,3.345
28,3.06
29,4.111
30,5.121
31,5.0432
32,3.356
33,3.4411
34,2.3254
35,2.1068
36,3.33
37,4.10432
38,3.8774
39,4.9866
40,5.21
41,4.62543
42,3.23
43,2.97865
44,4.123
45,4.54
46,4.987
47,4.0258
48,5.098
49,5.123
50,4.411
