detection_point,adaptive_terminal_depth_cm,constant_0_10_mps_terminal_depth_cm,constant_0_30_mps_terminal_depth_cm
1,10.375,10.462,10.32
2,10.374,10.299,10.035
3,10.193,8.934,9.014
4,10.326,10.059,11.022
5,10.264,10.754,10.47
6,10.084,10.093,9.137
7,10.255,8.984,10.434
8,9.994,10.215,10.359
9,10.354,9.994,10.569
10,10.018,10.2,10.49
11,10.203,9.52,9.332
12,10.391,10.118,10.49
13,10.184,10.394,10.139
14,10.212,10.581,9.464
15,10.254,10.247,10.627
16,10.128,9.245,10.479
17,10.194,10.126,8.877
18,9.979,10.081,10.299
19,10.362,10.085,10.296
20,10.202,9.517,9.41
21,10.229,10.111,10.057
22,10.348,10.143,10.097
23,10.136,10.675,10.908
24,10.057,10.043,9.852
25,10.181,9.778,10.062
26,10.22,10.144,10.199
27,9.963,10.055,10.084
28,10.227,10.078,8.568
29,10.442,10.067,10.878
30,10.152,9.451,10.209
31,10.196,10.35,9.084
32,10.061,10.778,10.112
33,10.151,10.1,10.977
34,10.371,10.03,10.063
35,10.263,9.397,9.029
36,10.198,10.073,9.986
37,10.201,9.973,10.063
38,9.97,10.053,9.609
39,10.191,9.554,10.49
40,10.053,10.254,10.738
41,10.414,10.623,10.204
42,10.146,10.239,8.526
43,10.141,10.055,10.183
44,10.234,10.095,10.97
45,10.166,9.489,9.097
46,9.979,10.485,10.397
47,10.229,10.298,9.475
48,10.214,10.752,11.044
49,10.296,9.084,9.129
50,10.351,10.285,9.346
