soil_condition,detection_point,penetration_resistance_mpa,strategy,time_s,estimated_axial_force_n
hard,35,3.47,adaptive,0,-0.057
hard,35,3.47,constant_0_10_mps,0,-0.312
hard,35,3.47,constant_0_30_mps,0,-0.22
hard,35,3.47,adaptive,0.05,-0.076
hard,35,3.47,constant_0_10_mps,0.05,-0.014
hard,35,3.47,constant_0_30_mps,0.05,-0.096
hard,35,3.47,adaptive,0.1,0.016
hard,35,3.47,constant_0_10_mps,0.1,0.234
hard,35,3.47,constant_0_30_mps,0.1,-0.118
hard,35,3.47,adaptive,0.15,-0.013
hard,35,3.47,constant_0_10_mps,0.15,-0.004
hard,35,3.47,constant_0_30_mps,0.15,0.123
hard,35,3.47,adaptive,0.2,-0.096
hard,35,3.47,constant_0_10_mps,0.2,-0.22
hard,35,3.47,constant_0_30_mps,0.2,0.076
hard,35,3.47,adaptive,0.25,-0.051
hard,35,3.47,constant_0_10_mps,0.25,0.214
hard,35,3.47,constant_0_30_mps,0.25,-0.011
hard,35,3.47,adaptive,0.3,-0.083
hard,35,3.47,constant_0_10_mps,0.3,-0.057
hard,35,3.47,constant_0_30_mps,0.3,0.284
hard,35,3.47,adaptive,0.35,-0.112
hard,35,3.47,constant_0_10_mps,0.35,0.306
hard,35,3.47,constant_0_30_mps,0.35,0.099
hard,35,3.47,adaptive,0.4,0.003
hard,35,3.47,constant_0_10_mps,0.4,-0.161
hard,35,3.47,constant_0_30_mps,0.4,-0.065
hard,35,3.47,adaptive,0.45,-0.11
hard,35,3.47,constant_0_10_mps,0.45,0.026
hard,35,3.47,constant_0_30_mps,0.45,-0.003
hard,35,3.47,adaptive,0.5,-0.149
hard,35,3.47,constant_0_10_mps,0.5,-0.052
hard,35,3.47,constant_0_30_mps,0.5,0.253
hard,35,3.47,adaptive,0.55,-0.272
hard,35,3.47,constant_0_10_mps,0.55,0.157
hard,35,3.47,constant_0_30_mps,0.55,-0.046
hard,35,3.47,adaptive,0.6,-0.034
hard,35,3.47,constant_0_10_mps,0.6,0.043
hard,35,3.47,constant_0_30_mps,0.6,0.016
hard,35,3.47,adaptive,0.65,-0.055
hard,35,3.47,constant_0_10_mps,0.65,0.115
hard,35,3.47,constant_0_30_mps,0.65,-0.169
hard,35,3.47,adaptive,0.7,-0.044
hard,35,3.47,constant_0_10_mps,0.7,0.245
hard,35,3.47,constant_0_30_mps,0.7,-0.01
hard,35,3.47,adaptive,0.75,0.274
hard,35,3.47,constant_0_10_mps,0.75,0.279
hard,35,3.47,constant_0_30_mps,0.75,-0.116
hard,35,3.47,adaptive,0.8,-0.008
hard,35,3.47,constant_0_10_mps,0.8,-0.007
hard,35,3.47,constant_0_30_mps,0.8,0.016
hard,35,3.47,adaptive,0.85,0.026
hard,35,3.47,constant_0_10_mps,0.85,0.194
hard,35,3.47,constant_0_30_mps,0.85,0.045
hard,35,3.47,adaptive,0.9,-0.126
hard,35,3.47,constant_0_10_mps,0.9,-0.053
hard,35,3.47,constant_0_30_mps,0.9,-0.022
hard,35,3.47,adaptive,0.95,-0.169
hard,35,3.47,constant_0_10_mps,0.95,-0.062
hard,35,3.47,constant_0_30_mps,0.95,0.121
hard,35,3.47,adaptive,1,0.4
hard,35,3.47,constant_0_10_mps,1,0.028
hard,35,3.47,constant_0_30_mps,1,-0.061
hard,35,3.47,adaptive,1.05,0.334
hard,35,3.47,constant_0_10_mps,1.05,0.344
hard,35,3.47,constant_0_30_mps,1.05,-0.235
hard,35,3.47,adaptive,1.1,-0.231
hard,35,3.47,constant_0_10_mps,1.1,-0.051
hard,35,3.47,constant_0_30_mps,1.1,-0.179
hard,35,3.47,adaptive,1.15,-0.095
hard,35,3.47,constant_0_10_mps,1.15,-0.039
hard,35,3.47,constant_0_30_mps,1.15,-0.211
hard,35,3.47,adaptive,1.2,0.301
hard,35,3.47,constant_0_10_mps,1.2,-0.051
hard,35,3.47,constant_0_30_mps,1.2,-0.016
hard,35,3.47,adaptive,1.25,0.137
hard,35,3.47,constant_0_10_mps,1.25,0.098
hard,35,3.47,constant_0_30_mps,1.25,-0.202
hard,35,3.47,adaptive,1.3,-0.235
hard,35,3.47,constant_0_10_mps,1.3,-0.18
hard,35,3.47,constant_0_30_mps,1.3,-0.13
hard,35,3.47,adaptive,1.35,0.5
hard,35,3.47,constant_0_10_mps,1.35,0.167
hard,35,3.47,constant_0_30_mps,1.35,0.041
hard,35,3.47,adaptive,1.4,1.235
hard,35,3.47,constant_0_10_mps,1.4,0.09
hard,35,3.47,constant_0_30_mps,1.4,1.1231
hard,35,3.47,adaptive,1.45,2.3568
hard,35,3.47,constant_0_10_mps,1.45,1.785
hard,35,3.47,constant_0_30_mps,1.45,2.355
hard,35,3.47,adaptive,1.5,3.689
hard,35,3.47,constant_0_10_mps,1.5,2.67
hard,35,3.47,constant_0_30_mps,1.5,5.333
hard,35,3.47,adaptive,1.55,5.108
hard,35,3.47,constant_0_10_mps,1.55,5.234
hard,35,3.47,constant_0_30_mps,1.55,11.989
hard,35,3.47,adaptive,1.6,5.462
hard,35,3.47,constant_0_10_mps,1.6,6.876
hard,35,3.47,constant_0_30_mps,1.6,20.654
hard,35,3.47,adaptive,1.65,5.865
hard,35,3.47,constant_0_10_mps,1.65,8.543
hard,35,3.47,constant_0_30_mps,1.65,24.546
hard,35,3.47,adaptive,1.7,6.055
hard,35,3.47,constant_0_10_mps,1.7,10.689
hard,35,3.47,constant_0_30_mps,1.7,31.094
hard,35,3.47,adaptive,1.75,6.733
hard,35,3.47,constant_0_10_mps,1.75,13.021
hard,35,3.47,constant_0_30_mps,1.75,35.65215
hard,35,3.47,adaptive,1.8,7.144
hard,35,3.47,constant_0_10_mps,1.8,16.304
hard,35,3.47,constant_0_30_mps,1.8,43.597
hard,35,3.47,adaptive,1.85,7.742
hard,35,3.47,constant_0_10_mps,1.85,20.548
hard,35,3.47,constant_0_30_mps,1.85,48.79
hard,35,3.47,adaptive,1.9,8.31
hard,35,3.47,constant_0_10_mps,1.9,23.827
hard,35,3.47,constant_0_30_mps,1.9,52.225
hard,35,3.47,adaptive,1.95,8.97
hard,35,3.47,constant_0_10_mps,1.95,26.3252
hard,35,3.47,constant_0_30_mps,1.95,55.762
hard,35,3.47,adaptive,2,9.692
hard,35,3.47,constant_0_10_mps,2,30.691
hard,35,3.47,constant_0_30_mps,2,62.248
hard,35,3.47,adaptive,2.05,10.958
hard,35,3.47,constant_0_10_mps,2.05,33.953
hard,35,3.47,constant_0_30_mps,2.05,65.017
hard,35,3.47,adaptive,2.1,11.475
hard,35,3.47,constant_0_10_mps,2.1,37.607
hard,35,3.47,constant_0_30_mps,2.1,68.232
hard,35,3.47,adaptive,2.15,12.944
hard,35,3.47,constant_0_10_mps,2.15,44.3235126
hard,35,3.47,adaptive,2.2,14.659
hard,35,3.47,constant_0_10_mps,2.2,49.656
hard,35,3.47,adaptive,2.25,16.177
hard,35,3.47,constant_0_10_mps,2.25,55.315
hard,35,3.47,adaptive,2.3,17.959
hard,35,3.47,constant_0_10_mps,2.3,59.654165
hard,35,3.47,adaptive,2.35,19.165
hard,35,3.47,constant_0_10_mps,2.35,62.145
hard,35,3.47,adaptive,2.4,20.599
hard,35,3.47,constant_0_10_mps,2.4,65.704
hard,35,3.47,adaptive,2.45,22.222
hard,35,3.47,constant_0_10_mps,2.45,68.11
hard,35,3.47,adaptive,2.5,23.715
hard,35,3.47,adaptive,2.55,25.394
hard,35,3.47,adaptive,2.6,27.151
hard,35,3.47,adaptive,2.65,28.591
hard,35,3.47,adaptive,2.7,30.067
hard,35,3.47,adaptive,2.75,31.515
hard,35,3.47,adaptive,2.8,33.662
hard,35,3.47,adaptive,2.85,36.177
hard,35,3.47,adaptive,2.9,38.946
hard,35,3.47,adaptive,2.95,41.399
hard,35,3.47,adaptive,3,43.948
hard,35,3.47,adaptive,3.05,46.593
hard,35,3.47,adaptive,3.1,49.288
hard,35,3.47,adaptive,3.15,51.883
moderately_compacted,10,1.53,adaptive,0,0.19
moderately_compacted,10,1.53,constant_0_10_mps,0,0.187
moderately_compacted,10,1.53,constant_0_30_mps,0,-0.11
moderately_compacted,10,1.53,adaptive,0.05,0.13
moderately_compacted,10,1.53,constant_0_10_mps,0.05,0.001
moderately_compacted,10,1.53,constant_0_30_mps,0.05,0.054
moderately_compacted,10,1.53,adaptive,0.1,-0.136
moderately_compacted,10,1.53,constant_0_10_mps,0.1,-0.006
moderately_compacted,10,1.53,constant_0_30_mps,0.1,0.056
moderately_compacted,10,1.53,adaptive,0.15,0.139
moderately_compacted,10,1.53,constant_0_10_mps,0.15,-0.141
moderately_compacted,10,1.53,constant_0_30_mps,0.15,0.27
moderately_compacted,10,1.53,adaptive,0.2,0.07
moderately_compacted,10,1.53,constant_0_10_mps,0.2,0.21
moderately_compacted,10,1.53,constant_0_30_mps,0.2,-0.058
moderately_compacted,10,1.53,adaptive,0.25,0.213
moderately_compacted,10,1.53,constant_0_10_mps,0.25,0.136
moderately_compacted,10,1.53,constant_0_30_mps,0.25,-0.116
moderately_compacted,10,1.53,adaptive,0.3,0.389
moderately_compacted,10,1.53,constant_0_10_mps,0.3,0.104
moderately_compacted,10,1.53,constant_0_30_mps,0.3,0.122
moderately_compacted,10,1.53,adaptive,0.35,0.116
moderately_compacted,10,1.53,constant_0_10_mps,0.35,-0.02
moderately_compacted,10,1.53,constant_0_30_mps,0.35,0.116
moderately_compacted,10,1.53,adaptive,0.4,-0.155
moderately_compacted,10,1.53,constant_0_10_mps,0.4,-0.021
moderately_compacted,10,1.53,constant_0_30_mps,0.4,0.163
moderately_compacted,10,1.53,adaptive,0.45,-0.221
moderately_compacted,10,1.53,constant_0_10_mps,0.45,0.295
moderately_compacted,10,1.53,constant_0_30_mps,0.45,0.003
moderately_compacted,10,1.53,adaptive,0.5,0.247
moderately_compacted,10,1.53,constant_0_10_mps,0.5,0.086
moderately_compacted,10,1.53,constant_0_30_mps,0.5,-0.084
moderately_compacted,10,1.53,adaptive,0.55,-0.247
moderately_compacted,10,1.53,constant_0_10_mps,0.55,0.242
moderately_compacted,10,1.53,constant_0_30_mps,0.55,-0.055
moderately_compacted,10,1.53,adaptive,0.6,0.058
moderately_compacted,10,1.53,constant_0_10_mps,0.6,-0.21
moderately_compacted,10,1.53,constant_0_30_mps,0.6,0.135
moderately_compacted,10,1.53,adaptive,0.65,0.001
moderately_compacted,10,1.53,constant_0_10_mps,0.65,-0.042
moderately_compacted,10,1.53,constant_0_30_mps,0.65,0.047
moderately_compacted,10,1.53,adaptive,0.7,-0.139
moderately_compacted,10,1.53,constant_0_10_mps,0.7,0.094
moderately_compacted,10,1.53,constant_0_30_mps,0.7,0.083
moderately_compacted,10,1.53,adaptive,0.75,-0.188
moderately_compacted,10,1.53,constant_0_10_mps,0.75,-0.295
moderately_compacted,10,1.53,constant_0_30_mps,0.75,-0.2
moderately_compacted,10,1.53,adaptive,0.8,0.008
moderately_compacted,10,1.53,constant_0_10_mps,0.8,0.157
moderately_compacted,10,1.53,constant_0_30_mps,0.8,-0.224
moderately_compacted,10,1.53,adaptive,0.85,-0.142
moderately_compacted,10,1.53,constant_0_10_mps,0.85,-0.207
moderately_compacted,10,1.53,constant_0_30_mps,0.85,0.258
moderately_compacted,10,1.53,adaptive,0.9,0.126
moderately_compacted,10,1.53,constant_0_10_mps,0.9,-0.013
moderately_compacted,10,1.53,constant_0_30_mps,0.9,-0.176
moderately_compacted,10,1.53,adaptive,0.95,-0.076
moderately_compacted,10,1.53,constant_0_10_mps,0.95,0.013
moderately_compacted,10,1.53,constant_0_30_mps,0.95,-0.062
moderately_compacted,10,1.53,adaptive,1,-0.16
moderately_compacted,10,1.53,constant_0_10_mps,1,-0.172
moderately_compacted,10,1.53,constant_0_30_mps,1,0.179
moderately_compacted,10,1.53,adaptive,1.05,0.005
moderately_compacted,10,1.53,constant_0_10_mps,1.05,0.135
moderately_compacted,10,1.53,constant_0_30_mps,1.05,-0.012
moderately_compacted,10,1.53,adaptive,1.1,-0.198
moderately_compacted,10,1.53,constant_0_10_mps,1.1,-0.023
moderately_compacted,10,1.53,constant_0_30_mps,1.1,0.086
moderately_compacted,10,1.53,adaptive,1.15,0.145
moderately_compacted,10,1.53,constant_0_10_mps,1.15,0.001
moderately_compacted,10,1.53,constant_0_30_mps,1.15,0.027
moderately_compacted,10,1.53,adaptive,1.2,-0.174
moderately_compacted,10,1.53,constant_0_10_mps,1.2,-0.206
moderately_compacted,10,1.53,constant_0_30_mps,1.2,-0.236
moderately_compacted,10,1.53,adaptive,1.25,0.05
moderately_compacted,10,1.53,constant_0_10_mps,1.25,0.279
moderately_compacted,10,1.53,constant_0_30_mps,1.25,-0.138
moderately_compacted,10,1.53,adaptive,1.3,0.12
moderately_compacted,10,1.53,constant_0_10_mps,1.3,0.522165
moderately_compacted,10,1.53,constant_0_30_mps,1.3,0.656
moderately_compacted,10,1.53,adaptive,1.35,0.568
moderately_compacted,10,1.53,constant_0_10_mps,1.35,1.35
moderately_compacted,10,1.53,constant_0_30_mps,1.35,1.2165
moderately_compacted,10,1.53,adaptive,1.4,1.025
moderately_compacted,10,1.53,constant_0_10_mps,1.4,3.321
moderately_compacted,10,1.53,constant_0_30_mps,1.4,3.564
moderately_compacted,10,1.53,adaptive,1.45,2.025
moderately_compacted,10,1.53,constant_0_10_mps,1.45,5.167
moderately_compacted,10,1.53,constant_0_30_mps,1.45,5.207
moderately_compacted,10,1.53,adaptive,1.5,4.05645
moderately_compacted,10,1.53,constant_0_10_mps,1.5,5.912
moderately_compacted,10,1.53,constant_0_30_mps,1.5,11.428
moderately_compacted,10,1.53,adaptive,1.55,5.321
moderately_compacted,10,1.53,constant_0_10_mps,1.55,7.204
moderately_compacted,10,1.53,constant_0_30_mps,1.55,15.558
moderately_compacted,10,1.53,adaptive,1.6,5.894
moderately_compacted,10,1.53,constant_0_10_mps,1.6,8.267
moderately_compacted,10,1.53,constant_0_30_mps,1.6,19.6215
moderately_compacted,10,1.53,adaptive,1.65,6.3456
moderately_compacted,10,1.53,constant_0_10_mps,1.65,9.02345
moderately_compacted,10,1.53,constant_0_30_mps,1.65,27.0132345
moderately_compacted,10,1.53,adaptive,1.7,7.36
moderately_compacted,10,1.53,constant_0_10_mps,1.7,10.127
moderately_compacted,10,1.53,constant_0_30_mps,1.7,31.338
moderately_compacted,10,1.53,adaptive,1.75,7.799
moderately_compacted,10,1.53,constant_0_10_mps,1.75,11.844
moderately_compacted,10,1.53,constant_0_30_mps,1.75,36.379
moderately_compacted,10,1.53,adaptive,1.8,8.291
moderately_compacted,10,1.53,constant_0_10_mps,1.8,12.5687
moderately_compacted,10,1.53,constant_0_30_mps,1.8,39.564
moderately_compacted,10,1.53,adaptive,1.85,8.498000000000001
moderately_compacted,10,1.53,constant_0_10_mps,1.85,13.748
moderately_compacted,10,1.53,constant_0_30_mps,1.85,44.294
moderately_compacted,10,1.53,adaptive,1.9,9.65
moderately_compacted,10,1.53,constant_0_10_mps,1.9,15.2165
moderately_compacted,10,1.53,constant_0_30_mps,1.9,48.201
moderately_compacted,10,1.53,adaptive,1.95,9.955
moderately_compacted,10,1.53,constant_0_10_mps,1.95,18.273
moderately_compacted,10,1.53,constant_0_30_mps,1.95,53.325
moderately_compacted,10,1.53,adaptive,2,10.752
moderately_compacted,10,1.53,constant_0_10_mps,2,20.387
moderately_compacted,10,1.53,constant_0_30_mps,2,55.169
moderately_compacted,10,1.53,adaptive,2.05,12.295
moderately_compacted,10,1.53,constant_0_10_mps,2.05,22.104
moderately_compacted,10,1.53,constant_0_30_mps,2.05,59.6451
moderately_compacted,10,1.53,adaptive,2.1,14.074
moderately_compacted,10,1.53,constant_0_10_mps,2.1,24.437
moderately_compacted,10,1.53,constant_0_30_mps,2.1,61.969
moderately_compacted,10,1.53,adaptive,2.15,15.511
moderately_compacted,10,1.53,constant_0_10_mps,2.15,25.9589
moderately_compacted,10,1.53,adaptive,2.2,16.705
moderately_compacted,10,1.53,constant_0_10_mps,2.2,28.3535
moderately_compacted,10,1.53,adaptive,2.25,18.282
moderately_compacted,10,1.53,constant_0_10_mps,2.25,30.672
moderately_compacted,10,1.53,adaptive,2.3,19.659
moderately_compacted,10,1.53,constant_0_10_mps,2.3,32.523
moderately_compacted,10,1.53,adaptive,2.35,20.918
moderately_compacted,10,1.53,constant_0_10_mps,2.35,34.895
moderately_compacted,10,1.53,adaptive,2.4,21.473
moderately_compacted,10,1.53,constant_0_10_mps,2.4,38.66
moderately_compacted,10,1.53,adaptive,2.45,23.564
moderately_compacted,10,1.53,constant_0_10_mps,2.45,40.229
moderately_compacted,10,1.53,adaptive,2.5,24.51
moderately_compacted,10,1.53,constant_0_10_mps,2.5,43.558
moderately_compacted,10,1.53,adaptive,2.55,25.658
moderately_compacted,10,1.53,constant_0_10_mps,2.55,46.159
moderately_compacted,10,1.53,adaptive,2.6,27.445
moderately_compacted,10,1.53,constant_0_10_mps,2.6,50.354
moderately_compacted,10,1.53,adaptive,2.65,29.012
moderately_compacted,10,1.53,constant_0_10_mps,2.65,51.781
moderately_compacted,10,1.53,adaptive,2.7,30.472
moderately_compacted,10,1.53,adaptive,2.75,32.743
moderately_compacted,10,1.53,adaptive,2.8,36.456
moderately_compacted,10,1.53,adaptive,2.85,38.099
moderately_compacted,10,1.53,adaptive,2.9,40.262
moderately_compacted,10,1.53,adaptive,2.95,43.356
moderately_compacted,10,1.53,adaptive,3,45.264
soft,23,0.84,adaptive,0,0.151
soft,23,0.84,constant_0_10_mps,0,0.261
soft,23,0.84,constant_0_30_mps,0,-0.15
soft,23,0.84,adaptive,0.05,0.121
soft,23,0.84,constant_0_10_mps,0.05,-0.193
soft,23,0.84,constant_0_30_mps,0.05,0.065
soft,23,0.84,adaptive,0.1,-0.081
soft,23,0.84,constant_0_10_mps,0.1,0.047
soft,23,0.84,constant_0_30_mps,0.1,-0.107
soft,23,0.84,adaptive,0.15,0.119
soft,23,0.84,constant_0_10_mps,0.15,0.221
soft,23,0.84,constant_0_30_mps,0.15,0.211
soft,23,0.84,adaptive,0.2,-0.065
soft,23,0.84,constant_0_10_mps,0.2,-0.013
soft,23,0.84,constant_0_30_mps,0.2,0.119
soft,23,0.84,adaptive,0.25,0.252
soft,23,0.84,constant_0_10_mps,0.25,-0.057
soft,23,0.84,constant_0_30_mps,0.25,-0.175
soft,23,0.84,adaptive,0.3,0.02
soft,23,0.84,constant_0_10_mps,0.3,0.137
soft,23,0.84,constant_0_30_mps,0.3,0.218
soft,23,0.84,adaptive,0.35,0.297
soft,23,0.84,constant_0_10_mps,0.35,-0.09
soft,23,0.84,constant_0_30_mps,0.35,-0.055
soft,23,0.84,adaptive,0.4,0.116
soft,23,0.84,constant_0_10_mps,0.4,0.123
soft,23,0.84,constant_0_30_mps,0.4,0.026
soft,23,0.84,adaptive,0.45,-0.299
soft,23,0.84,constant_0_10_mps,0.45,-0.007
soft,23,0.84,constant_0_30_mps,0.45,-0.123
soft,23,0.84,adaptive,0.5,0.279
soft,23,0.84,constant_0_10_mps,0.5,-0.144
soft,23,0.84,constant_0_30_mps,0.5,0.229
soft,23,0.84,adaptive,0.55,0.121
soft,23,0.84,constant_0_10_mps,0.55,-0.087
soft,23,0.84,constant_0_30_mps,0.55,-0.223
soft,23,0.84,adaptive,0.6,-0.279
soft,23,0.84,constant_0_10_mps,0.6,-0.175
soft,23,0.84,constant_0_30_mps,0.6,0.149
soft,23,0.84,adaptive,0.65,-0.063
soft,23,0.84,constant_0_10_mps,0.65,-0.008
soft,23,0.84,constant_0_30_mps,0.65,0.067
soft,23,0.84,adaptive,0.7,-0.149
soft,23,0.84,constant_0_10_mps,0.7,0.107
soft,23,0.84,constant_0_30_mps,0.7,0.286
soft,23,0.84,adaptive,0.75,0.136
soft,23,0.84,constant_0_10_mps,0.75,-0.073
soft,23,0.84,constant_0_30_mps,0.75,0.216
soft,23,0.84,adaptive,0.8,-0.087
soft,23,0.84,constant_0_10_mps,0.8,-0.116
soft,23,0.84,constant_0_30_mps,0.8,-0.164
soft,23,0.84,adaptive,0.85,-0.131
soft,23,0.84,constant_0_10_mps,0.85,-0.108
soft,23,0.84,constant_0_30_mps,0.85,-0.071
soft,23,0.84,adaptive,0.9,0.295
soft,23,0.84,constant_0_10_mps,0.9,-0.19
soft,23,0.84,constant_0_30_mps,0.9,0.289
soft,23,0.84,adaptive,0.95,-0.187
soft,23,0.84,constant_0_10_mps,0.95,0.089
soft,23,0.84,constant_0_30_mps,0.95,0.223
soft,23,0.84,adaptive,1,0.203
soft,23,0.84,constant_0_10_mps,1,-0.113
soft,23,0.84,constant_0_30_mps,1,0.263
soft,23,0.84,adaptive,1.05,-0.063
soft,23,0.84,constant_0_10_mps,1.05,0.174
soft,23,0.84,constant_0_30_mps,1.05,-0.128
soft,23,0.84,adaptive,1.1,0.098
soft,23,0.84,constant_0_10_mps,1.1,-0.045
soft,23,0.84,constant_0_30_mps,1.1,-0.208
soft,23,0.84,adaptive,1.15,0.15
soft,23,0.84,constant_0_10_mps,1.15,-0.082
soft,23,0.84,constant_0_30_mps,1.15,0.132
soft,23,0.84,adaptive,1.2,0.179
soft,23,0.84,constant_0_10_mps,1.2,0.184
soft,23,0.84,constant_0_30_mps,1.2,0.195
soft,23,0.84,adaptive,1.25,0.254
soft,23,0.84,constant_0_10_mps,1.25,0.219
soft,23,0.84,constant_0_30_mps,1.25,0.01
soft,23,0.84,adaptive,1.3,0.073
soft,23,0.84,constant_0_10_mps,1.3,0.139
soft,23,0.84,constant_0_30_mps,1.3,0.112
soft,23,0.84,adaptive,1.35,-0.259
soft,23,0.84,constant_0_10_mps,1.35,0.083
soft,23,0.84,constant_0_30_mps,1.35,0.033
soft,23,0.84,adaptive,1.4,-0.024
soft,23,0.84,constant_0_10_mps,1.4,-0.207
soft,23,0.84,constant_0_30_mps,1.4,-0.032
soft,23,0.84,adaptive,1.45,-0.161
soft,23,0.84,constant_0_10_mps,1.45,0.15
soft,23,0.84,constant_0_30_mps,1.45,0.125
soft,23,0.84,adaptive,1.5,-0.073
soft,23,0.84,constant_0_10_mps,1.5,0.589
soft,23,0.84,constant_0_30_mps,1.5,0.589
soft,23,0.84,adaptive,1.55,0.301
soft,23,0.84,constant_0_10_mps,1.55,1.356
soft,23,0.84,constant_0_30_mps,1.55,1.894
soft,23,0.84,adaptive,1.6,1.345
soft,23,0.84,constant_0_10_mps,1.6,2.698
soft,23,0.84,constant_0_30_mps,1.6,3.278
soft,23,0.84,adaptive,1.65,2.567
soft,23,0.84,constant_0_10_mps,1.65,4.408
soft,23,0.84,constant_0_30_mps,1.65,5.397
soft,23,0.84,adaptive,1.7,3.5687
soft,23,0.84,constant_0_10_mps,1.7,5.27
soft,23,0.84,constant_0_30_mps,1.7,10
soft,23,0.84,adaptive,1.75,5.142
soft,23,0.84,constant_0_10_mps,1.75,6.747
soft,23,0.84,constant_0_30_mps,1.75,18
soft,23,0.84,adaptive,1.8,5.9874
soft,23,0.84,constant_0_10_mps,1.8,7.592
soft,23,0.84,constant_0_30_mps,1.8,23.799
soft,23,0.84,adaptive,1.85,6.575
soft,23,0.84,constant_0_10_mps,1.85,8.42
soft,23,0.84,constant_0_30_mps,1.85,26.44
soft,23,0.84,adaptive,1.9,7.627
soft,23,0.84,constant_0_10_mps,1.9,9.136
soft,23,0.84,constant_0_30_mps,1.9,30.811
soft,23,0.84,adaptive,1.95,7.706
soft,23,0.84,constant_0_10_mps,1.95,10.821
soft,23,0.84,constant_0_30_mps,1.95,35.87
soft,23,0.84,adaptive,2,8.16
soft,23,0.84,constant_0_10_mps,2,13
soft,23,0.84,constant_0_30_mps,2,39.023
soft,23,0.84,adaptive,2.05,9.256
soft,23,0.84,constant_0_10_mps,2.05,14.27
soft,23,0.84,constant_0_30_mps,2.05,42.538
soft,23,0.84,adaptive,2.1,10.068
soft,23,0.84,constant_0_10_mps,2.1,16.130000000000003
soft,23,0.84,constant_0_30_mps,2.1,47
soft,23,0.84,adaptive,2.15,10.735
soft,23,0.84,constant_0_10_mps,2.15,18.564
soft,23,0.84,constant_0_30_mps,2.15,49.418
soft,23,0.84,adaptive,2.2,12.291
soft,23,0.84,constant_0_10_mps,2.2,20.456
soft,23,0.84,constant_0_30_mps,2.2,52.657
soft,23,0.84,adaptive,2.25,13.231
soft,23,0.84,constant_0_10_mps,2.25,22.661
soft,23,0.84,adaptive,2.3,14.796
soft,23,0.84,constant_0_10_mps,2.3,24.15
soft,23,0.84,adaptive,2.35,16.874
soft,23,0.84,constant_0_10_mps,2.35,27.256
soft,23,0.84,adaptive,2.4,17.676
soft,23,0.84,constant_0_10_mps,2.4,28.238
soft,23,0.84,adaptive,2.45,19.423
soft,23,0.84,constant_0_10_mps,2.45,30.23
soft,23,0.84,adaptive,2.5,21.235
soft,23,0.84,constant_0_10_mps,2.5,32.213
soft,23,0.84,adaptive,2.55,22.936
soft,23,0.84,constant_0_10_mps,2.55,34.872
soft,23,0.84,adaptive,2.6,24.484
soft,23,0.84,constant_0_10_mps,2.6,36.347
soft,23,0.84,adaptive,2.65,25.983
soft,23,0.84,constant_0_10_mps,2.65,38.88
soft,23,0.84,adaptive,2.7,28.401
soft,23,0.84,constant_0_10_mps,2.7,41.767
soft,23,0.84,adaptive,2.75,30.895
soft,23,0.84,constant_0_10_mps,2.75,44.581
soft,23,0.84,adaptive,2.8,33.111
soft,23,0.84,adaptive,2.85,36.04
soft,23,0.84,adaptive,2.9,38.893
soft,23,0.84,adaptive,2.95,41.382
soft,23,0.84,adaptive,3,44.27
