force_n,replicate,tau0_nm,tau1_nm,tau2_nm,tau3_nm,tau4_nm,tau5_nm
0.000000,1,0.715077259,-0.285204895,0.497925600,1.168861959,-0.834213557,0.232005993
0.000000,2,0.713369506,-0.286122157,0.506627539,1.132797580,-0.860217963,0.199384379
0.000000,3,0.720693425,-0.305853955,0.495048956,1.164832451,-0.842589963,0.253112601
4.905000,1,0.790719172,-0.272495067,0.517434580,1.346369947,-0.927333984,0.331299380
4.905000,2,0.746025720,-0.349732983,0.506196222,1.336138836,-0.924621533,0.224200570
4.905000,3,0.736989808,-0.311490695,0.508386300,1.333570101,-0.924718393,0.253552596
9.810000,1,0.746139380,-0.348272233,0.516551892,1.567267274,-1.027888556,0.187236051
9.810000,2,0.802933848,-0.331632575,0.525626615,1.534219935,-1.002302313,0.236082700
9.810000,3,0.846102027,-0.320184779,0.544198788,1.559363569,-1.035034186,0.205010321
14.715000,1,0.798599148,-0.307188075,0.584644743,1.800740558,-1.096445314,0.213088619
14.715000,2,0.816271689,-0.307068600,0.542769962,1.816856764,-1.086563289,0.208748808
14.715000,3,0.772224222,-0.296330822,0.574596766,1.788882161,-1.079266006,0.186689248
19.620000,1,0.759364871,-0.369635598,0.570501892,2.048535530,-1.162692463,0.129879990
19.620000,2,0.823871776,-0.329798376,0.534959791,2.086560590,-1.170048418,0.199960984
19.620000,3,0.770003385,-0.378294126,0.541520475,2.004195663,-1.166423290,0.168729508
24.525000,1,0.829267498,-0.373107514,0.579016867,2.317657324,-1.272206277,0.104240954
24.525000,2,0.768884100,-0.349639693,0.564293447,2.323929884,-1.264268231,0.129933398
24.525000,3,0.855531649,-0.355463138,0.593136692,2.304902388,-1.273740236,0.123438883
29.430000,1,0.757700311,-0.380353979,0.571330818,2.573512718,-1.346215306,0.068922823
29.430000,2,0.715916513,-0.399828606,0.562831419,2.588758826,-1.331070915,0.054103672
29.430000,3,0.725233692,-0.389149549,0.611116542,2.588724877,-1.352744930,0.118099097
34.335000,1,0.821509777,-0.407825388,0.593923380,2.915784922,-1.448335450,0.050838522
34.335000,2,0.796220420,-0.435491606,0.591559886,2.873740296,-1.435506871,0.017401654
34.335000,3,0.783751981,-0.440886635,0.639993159,2.894778230,-1.434287026,0.021597362
39.240000,1,0.741351477,-0.458484704,0.638614079,3.173813164,-1.508378195,0.017573204
39.240000,2,0.804628656,-0.457362784,0.584922893,3.204907496,-1.509650024,-0.029144143
39.240000,3,0.804259897,-0.435420964,0.597632219,3.209029393,-1.527233123,0.035001740
44.145000,1,0.783910383,-0.468405328,0.567340110,3.533076530,-1.614490016,0.076779920
44.145000,2,0.777937998,-0.468552221,0.596522477,3.540873438,-1.604543269,0.048810060
44.145000,3,0.835648901,-0.538043920,0.587164547,3.546722759,-1.604548668,0.089703057
49.050000,1,0.843421432,-0.522422811,0.568129893,3.908990262,-1.691973534,0.055610519
49.050000,2,0.794765321,-0.517749117,0.623773609,3.860189488,-1.686617001,0.075899443
49.050000,3,0.789943047,-0.478680870,0.595943151,3.892212205,-1.675402674,0.095385687
53.955000,1,0.845107171,-0.514684616,0.578580062,4.232522337,-1.772580710,0.051352900
53.955000,2,0.791467876,-0.491753083,0.637183577,4.237604995,-1.778265310,0.142386369
53.955000,3,0.845590883,-0.550628065,0.599502027,4.271108829,-1.768380189,0.074810022
58.860000,1,0.880896209,-0.531533715,0.614790769,4.664735306,-1.845395812,0.017310468
58.860000,2,0.860396581,-0.509410254,0.561481128,4.606755643,-1.842605102,-0.004508146
58.860000,3,0.847854888,-0.553163050,0.549552628,4.649566001,-1.855789465,0.080174408
63.765000,1,0.932320526,-0.565528495,0.630323260,5.024129617,-1.955023464,-0.016068655
63.765000,2,0.931755266,-0.543520405,0.575397819,5.050279542,-1.948982457,-0.015503183
63.765000,3,0.911152693,-0.564287717,0.619242066,5.014928297,-1.924590984,0.014063256
68.670000,1,0.961850766,-0.526394351,0.580483179,5.468910947,-2.022008212,-0.059203346
68.670000,2,0.856881350,-0.541576570,0.579700665,5.445114473,-2.013038147,-0.029720979
68.670000,3,0.992417990,-0.565316810,0.550721043,5.415802925,-2.028906001,-0.069212919
73.575000,1,0.942862645,-0.540828215,0.580447820,5.937601557,-2.115726125,-0.115266102
73.575000,2,0.938469039,-0.569543471,0.555686530,5.895092320,-2.127432727,-0.099779012
73.575000,3,0.921649408,-0.581609738,0.536930390,5.873874154,-2.109318853,-0.082607651
